108,kartik,kartik@example.com,25,nagpur
109,suraj,suraj@emample.com,22,guntur
110,janvi,janvi@emaple.com,19,chimur
111,reshma,reshama@example.com,25,nagpur
112,sai,sai@example.com,16,hederabad
113,unnati,unnti@emaple.com,21,bhuvangiri
114,surbhi,surbhi@emaple.com,20,nagpur
115,madhul,madhul@example.com,23,umred
116,snehit,snehit@example.com,24,chandrapur
117,kalyani,kalyani@example.com,23,wardha
118,rekha,rekha@example.com,27,hyderabad
119,sairam,sairam@example.com,23,delhi
120,hami,hami@example.com,21,nagpur
121,sakshi,sakshi@example.com,21,nagpur
122,dinesh,dinesh@example.com,24,chimur
123,samir,samir@example.com,20,masad
124,liladhar,liladhar@example.com,35,masad
125,pihu,pihu@example.com,18,neri
126,sweety,sweety@example.com,24,nagpur
127,rahul,rahul@example.com,23,hydebarad
129,shiva,shiva@example.com,24,vijaywada
130,varun,varun@example.com,23,vijaywada
131,bhuvan,bhuvan@example.com,23,nagpur
132,venkat,venkat@example.com,23,guntur
133,mahesh,mahesh@example.com,24,guntur
134,swapnil,swapnil@example.com,27,gadchiroli
135,sahil,sahil@example.com,20,nagpur
136,sagar,sagar@example.com,29,nagpur
137,shubham,shubham@example.com,32,chhinvada
138,pillu,pillu@example.com,17,mumbai
139,suresha,suresha@example.com,18,pune
140,sajal,sajal@example.com,24,pune
141,vaibhav,vaibhav@example.com,24,highangat
142,rushi,rushi@example.com,26,highangat
143,bhava,bhava@example.com,27,neri
144,vidya,vidya@example.com,20,neri
